day,measure,ch4_standard_1_percent,id,GC_value,tech_average,percent_CH4,biogas_volumn_ml,methane_volume,stp_at_37_normalizing_factor,normalized_methane_volume_ml,combined_normalized_methane_volume_ml,combined_methane_percent
2,CH4,46396.923,R1,1426918,1294020.33333333,27.8902187831148,8140,2270.26380894555,0.8516,1933.35665969803,,
2,CH4,46396.923,,1438062,,,,,,,,
2,CH4,46396.923,,1017081,,,,,,,,
2,CH4,46396.923,R2,1522664,1516663.66666667,32.6888847061402,4200,1372.93315765789,0.8516,1169.18987706146,,
2,CH4,46396.923,,1536243,,,,,,,,
2,CH4,46396.923,,1491084,,,,,,,,
2,CH4,46396.923,R3,1550467,1596898.66666667,34.4182019714253,4400,1514.40088674271,0.8516,1289.66379515009,,
2,CH4,46396.923,,1636399,,,,,,,,
2,CH4,46396.923,,1603830,,,,,,,,
2,CH4,46396.923,P0R1A,1145308,1115972,24.0527157372052,20,4.81054314744105,0.8516,4.0966585443608,9.64924200779435,32.373
2,CH4,46396.923,,1085276,,,,,,,,
2,CH4,46396.923,,1117332,,,,,,,,
2,CH4,46396.923,P0R1B,2014178,1940046.33333333,41.814116279507,12,5.01769395354084,0.8516,4.27306817083538,,
2,CH4,46396.923,,1907177,,,,,,,,
2,CH4,46396.923,,1898784,,,,,,,,
2,CH4,46396.923,P0R1C,2314616,2323687.66666667,50.0827967981124,3,1.50248390394337,0.8516,1.27951529259818,,
2,CH4,46396.923,,2256105,,,,,,,,
2,CH4,46396.923,,2400342,,,,,,,,
2,CH4,46396.923,P0R2A,1504093,1592883,34.3316516916434,22,7.55296337216156,0.8516,6.43210360773278,7.13187908284349,34.8945078031719
2,CH4,46396.923,,1654296,,,,,,,,
2,CH4,46396.923,,1620260,,,,,,,,
2,CH4,46396.923,P0R2B,1873343,1906260.5,41.0859250299853,2,0.821718500599706,0.8516,0.699775475110709,,
2,CH4,46396.923,,1939178,,,,,,,,
2,CH4,46396.923,P0R3,1512220,1542896.66666667,33.2542885800135,21,6.98340060180284,0.8516,5.9470639524953,5.9470639524953,33.2542885800135
2,CH4,46396.923,,1568210,,,,,,,,
2,CH4,46396.923,,1548260,,,,,,,,
2,CH4,46396.923,P1R1,1657363,1665101.33333333,35.8881845102817,23,8.2542824373648,0.8516,7.02934692365986,7.02934692365986,35.8881845102817
2,CH4,46396.923,,1644418,,,,,,,,
2,CH4,46396.923,,1693523,,,,,,,,
2,CH4,46396.923,P1R2A,720320,751251.333333333,16.1918352502241,12,1.94302023002689,0.8516,1.6546760278909,12.2789238607339,32.769663149403
2,CH4,46396.923,,756170,,,,,,,,
2,CH4,46396.923,,777264,,,,,,,,
2,CH4,46396.923,P1R2B,1624035,1649582.33333333,35.5537011222346,23,8.17735125811396,0.8516,6.96383233140985,,
2,CH4,46396.923,,1660115,,,,,,,,
2,CH4,46396.923,,1664597,,,,,,,,
2,CH4,46396.923,P1R2C,2181669,2215855.33333333,47.758669973294,9,4.29828029759646,0.8516,3.66041550143315,,
2,CH4,46396.923,,2197279,,,,,,,,
2,CH4,46396.923,,2268618,,,,,,,,
2,CH4,46396.923,P1R3A,1573494,1595211.33333333,34.381834617208,23,7.90782196195784,0.8516,6.73430118280329,9.91741033901465,37.5665174435016
2,CH4,46396.923,,1630593,,,,,,,,
2,CH4,46396.923,,1581547,,,,,,,,
2,CH4,46396.923,P1R3B,2195470,2167779.33333333,46.7224805690958,8,3.73779844552766,0.8516,3.18310915621136,,
2,CH4,46396.923,,2170673,,,,,,,,
2,CH4,46396.923,,2137195,,,,,,,,
2,CH4,46396.923,P2R1,1901291,1956039.66666667,42.1588230466634,19,8.01017637886604,0.8516,6.82146620424232,6.82146620424232,42.1588230466634
2,CH4,46396.923,,1979557,,,,,,,,
2,CH4,46396.923,,1987271,,,,,,,,
2,CH4,46396.923,P2R2A,1983763,2014294.66666667,43.4144019996039,12,5.20972823995247,0.8516,4.43660456914352,8.69446541018823,46.4071128687616
2,CH4,46396.923,,2027911,,,,,,,,
2,CH4,46396.923,,2031210,,,,,,,,
2,CH4,46396.923,P2R2B,2300010,2319770.33333333,49.998365911751,10,4.9998365911751,0.8516,4.25786084104471,,
2,CH4,46396.923,,2383886,,,,,,,,
2,CH4,46396.923,,2275415,,,,,,,,
2,CH4,46396.923,P2R3A,806956,806565.333333333,17.3840263789332,13,2.25992342926132,0.8516,1.92455079235894,9.56388908129389,35.2692555351857
2,CH4,46396.923,,804155,,,,,,,,
2,CH4,46396.923,,808585,,,,,,,,
2,CH4,46396.923,P2R3B,1946717,1965868.33333333,42.3706618073214,12,5.08447941687857,0.8516,4.32994267141379,,
2,CH4,46396.923,,1946982,,,,,,,,
2,CH4,46396.923,,2003906,,,,,,,,
2,CH4,46396.923,P2R3C,2189290,2253783.66666667,48.5761451608907,8,3.88609161287125,0.8516,3.30939561752116,,
2,CH4,46396.923,,2278654,,,,,,,,
2,CH4,46396.923,,2293407,,,,,,,,
2,CH4,46396.923,P3R1,1523151,1566915.33333333,33.771966587813,20,6.7543933175626,0.8516,5.75204134923631,,33.771966587813
2,CH4,46396.923,,1590372,,,,,,,,
2,CH4,46396.923,,1587223,,,,,,,,
2,CH4,46396.923,P3R2,1787499,1792715,38.6386614474412,18,6.95495906053943,0.8516,5.92284313595537,,38.6386614474412
2,CH4,46396.923,,1785342,,,,,,,,
2,CH4,46396.923,,1805304,,,,,,,,
2,CH4,46396.923,P3R3,1403931,1397168.66666667,30.1133906372771,19,5.72154422108265,0.8516,4.87246705867399,,30.1133906372771
2,CH4,46396.923,,1391382,,,,,,,,
2,CH4,46396.923,,1396193,,,,,,,,
2,CH4,46396.923,P4R1,1730929,1718383.33333333,37.0365796312254,23,8.51841331518184,0.8516,7.25428077920886,,37.0365796312254
2,CH4,46396.923,,1719891,,,,,,,,
2,CH4,46396.923,,1704330,,,,,,,,
2,CH4,46396.923,P4R2,1787499,1792715,38.6386614474412,30,11.5915984342324,0.8516,9.87140522659229,,38.6386614474412
2,CH4,46396.923,,1785342,,,,,,,,
2,CH4,46396.923,,1805304,,,,,,,,
2,CH4,46396.923,P4R3,2269792,2247811.66666667,48.4474297286194,25,12.1118574321549,0.8516,10.3144577892231,,48.4474297286194
2,CH4,46396.923,,2232404,,,,,,,,
2,CH4,46396.923,,2241239,,,,,,,,
5,CH4,43202.68,R1A,2704050,2778761,64.3191811248747,6000,3859.15086749248,0.8516,3286.4528787566,5651.44327682141,66.3626500331307
5,CH4,43202.68,,2809888,,,,,,,,
5,CH4,43202.68,,2822345,,,,,,,,
5,CH4,43202.68,R1B,2952585,2999469.33333333,69.4278533955147,4000,2777.11413582059,0.8516,2364.99039806481,,
5,CH4,43202.68,,2988675,,,,,,,,
5,CH4,43202.68,,3057148,,,,,,,,
5,CH4,43202.68,R2A,2392970,2373378.66666667,54.9359129263894,5000,2746.79564631947,0.8516,2339.17117240566,4172.09235998014,61.2390259508592
5,CH4,43202.68,,2317954,,,,,,,,
5,CH4,43202.68,,2409212,,,,,,,,
5,CH4,43202.68,R2B,3045765,3099542.33333333,71.7442143249755,3000,2152.32642974927,0.8516,1832.92118757447,,
5,CH4,43202.68,,3169811,,,,,,,,
5,CH4,43202.68,,3083051,,,,,,,,
5,CH4,43202.68,R3A,2532321,2565034.66666667,59.3721191987781,4660,2766.74075466306,0.8516,2356.15642667106,4090.65847284042,62.7088446757328
5,CH4,43202.68,,2641077,,,,,,,,
5,CH4,43202.68,,2521706,,,,,,,,
5,CH4,43202.68,R3B,2993200,2933111.66666667,67.8918915832691,3000,2036.75674749807,0.8516,1734.50204616936,,
5,CH4,43202.68,,3018924,,,,,,,,
5,CH4,43202.68,,2787211,,,,,,,,
5,CH4,43202.68,P0R1A,1914178,1906713,44.1341370489053,15,6.62012055733579,0.8516,5.63769466662716,25.2915197080366,60.6098477488632
5,CH4,43202.68,,1907177,,,,,,,,
5,CH4,43202.68,,1898784,,,,,,,,
5,CH4,43202.68,P0R1B,2946717,2932535,67.8785436459035,14,9.50299611042648,0.8516,8.09275148763919,,
5,CH4,43202.68,,2946982,,,,,,,,
5,CH4,43202.68,,2903906,,,,,,,,
5,CH4,43202.68,P0R1C,2946717,2932535,67.8785436459035,20,13.5757087291807,0.8516,11.5610735537703,,
5,CH4,43202.68,,2946982,,,,,,,,
5,CH4,43202.68,,2903906,,,,,,,,
5,CH4,43202.68,P0R2A,2654296,2715966.33333333,62.8656910481788,19,11.944481299154,0.8516,10.1719202743595,19.4894725604677,58.681313486733
5,CH4,43202.68,,2620260,,,,,,,,
5,CH4,43202.68,,2873343,,,,,,,,
5,CH4,43202.68,P0R2B,2300172,2363452.5,54.7061548033594,20,10.9412309606719,0.8516,9.31755228610817,,
5,CH4,43202.68,,2426733,,,,,,,,
5,CH4,43202.68,P0R3A,2181669,2215855.33333333,51.289765665772,26,13.3353390731007,0.8516,11.3563747546526,22.9582976045005,58.6065554467817
5,CH4,43202.68,,2197279,,,,,,,,
5,CH4,43202.68,,2268618,,,,,,,,
5,CH4,43202.68,P0R3B,2912220,2942896.66666667,68.1183821620943,20,13.6236764324189,0.8516,11.6019228498479,,
5,CH4,43202.68,,2968210,,,,,,,,
5,CH4,43202.68,,2948260,,,,,,,,
5,CH4,43202.68,P1R1A,2878684,2830569.66666667,65.5183814213995,16,10.4829410274239,0.8516,8.92727257895421,15.778821129183,66.1730068156706
5,CH4,43202.68,,2803922,,,,,,,,
5,CH4,43202.68,,2809103,,,,,,,,
5,CH4,43202.68,P1R1B,2995431,2896560,67.0458406746989,12,8.04550088096387,0.8516,6.85154855022883,,
5,CH4,43202.68,,2868523,,,,,,,,
5,CH4,43202.68,,2825726,,,,,,,,
5,CH4,43202.68,P1R2A,834937,833896.333333333,19.3019584278877,29,5.59756794408742,0.8516,4.76688886118485,15.1018084712337,34.7714762321299
5,CH4,43202.68,,821118,,,,,,,,
5,CH4,43202.68,,845634,,,,,,,,
5,CH4,43202.68,P1R2B,2430917,2383194.33333333,55.163113337722,22,12.1358849342988,0.8516,10.3349196100489,,
5,CH4,43202.68,,2396156,,,,,,,,
5,CH4,43202.68,,2322510,,,,,,,,
5,CH4,43202.68,P1R3A,2409644,2316519,53.6197985865692,22,11.7963556890452,0.8516,10.0457765047909,11.484880582038,39.6654069227405
5,CH4,43202.68,,2399513,,,,,,,,
5,CH4,43202.68,,2140400,,,,,,,,
5,CH4,43202.68,P1R3B,625558,608395.5,14.0823555390545,12,1.68988266468654,0.8516,1.43910407724706,,
5,CH4,43202.68,,591233,,,,,,,,
5,CH4,43202.68,P2R1A,2573494,2602043.5,60.2287520126066,33,19.8754881641602,0.8516,16.9259657205988,24.6073223507894,60.1987492924822
5,CH4,43202.68,,2630593,,,,,,,,
5,CH4,43202.68,P2R1B,2581547,2597895.66666667,60.1327433082084,15,9.01991149623125,0.8516,7.68135663019053,,
5,CH4,43202.68,,2630593,,,,,,,,
5,CH4,43202.68,,2581547,,,,,,,,
5,CH4,43202.68,P2R2A,2528385,2614237.33333333,60.5109991633235,34,20.57373971553,0.8516,17.5205967417453,24.5863496178169,62.7625482922604
5,CH4,43202.68,,2663358,,,,,,,,
5,CH4,43202.68,,2650969,,,,,,,,
5,CH4,43202.68,P2R2B,2989290,2987117,69.1419374909149,12,8.29703249890979,0.8516,7.06575287607158,,
5,CH4,43202.68,,2978654,,,,,,,,
5,CH4,43202.68,,2993407,,,,,,,,
5,CH4,43202.68,P2R3A,2314616,2323687.66666667,53.7857296507223,42,22.5900064533034,0.8516,19.2376494956331,26.4007379587563,56.3660659267182
5,CH4,43202.68,,2256105,,,,,,,,
5,CH4,43202.68,,2400342,,,,,,,,
5,CH4,43202.68,P2R3B,2785342,2795323,64.7025369722434,13,8.41132980639164,0.8516,7.16308846312312,,
5,CH4,43202.68,,2805304,,,,,,,,
5,CH4,43202.68,P3R1,2992951,2975958.66666667,68.8836587606756,35,24.1092805662365,0.8516,20.531463330207,,68.8836587606756
5,CH4,43202.68,,2956462,,,,,,,,
5,CH4,43202.68,,2978463,,,,,,,,
5,CH4,43202.68,P3R2,2642449,2686162.33333333,62.1758264379278,39,24.2485723107918,0.8516,20.6500841798703,,62.1758264379278
5,CH4,43202.68,,2629239,,,,,,,,
5,CH4,43202.68,,2786799,,,,,,,,
5,CH4,43202.68,P3R3,2686867,2625871.33333333,60.7802880129967,41,24.9199180853287,0.8516,21.2218022414659,,60.7802880129967
5,CH4,43202.68,,2608378,,,,,,,,
5,CH4,43202.68,,2582369,,,,,,,,
5,CH4,43202.68,P4R1,2745249,2754629,63.760604666192,40,25.5042418664768,0.8516,21.7194123734916,,63.760604666192
5,CH4,43202.68,,2716799,,,,,,,,
5,CH4,43202.68,,2801839,,,,,,,,
5,CH4,43202.68,P4R2,2269792,2247811.66666667,52.0294497162367,44,22.8929578751442,0.8516,19.4956429264728,,52.0294497162367
5,CH4,43202.68,,2232404,,,,,,,,
5,CH4,43202.68,,2241239,,,,,,,,
5,CH4,43202.68,P4R3,2983763,2947628,68.2278969730582,45,30.7025536378762,0.8516,26.1462946780153,,68.2278969730582
5,CH4,43202.68,,2927911,,,,,,,,
5,CH4,43202.68,,2931210,,,,,,,,
7,CH4,40894.2226666667,R1,1973732,1967568.33333333,48.1136015072643,2360,1135.48099557144,0.8516,966.975615828635,,48.1136015072643
7,CH4,40894.2226666667,,2015102,,,,,,,,
7,CH4,40894.2226666667,,1913871,,,,,,,,
7,CH4,40894.2226666667,R2,2957280,3071124,75.0992145035516,1780,1336.76601816322,0.8516,1138.3899410678,,75.0992145035516
7,CH4,40894.2226666667,,2984849,,,,,,,,
7,CH4,40894.2226666667,,3271243,,,,,,,,
7,CH4,40894.2226666667,R3,2641077,2718661,66.4803197791558,2000,1329.60639558312,0.8516,1132.29280647858,,66.4803197791558
7,CH4,40894.2226666667,,2521706,,,,,,,,
7,CH4,40894.2226666667,,2993200,,,,,,,,
7,CH4,43202.68,P0R1D6,2105114,2181343.66666667,50.490934050079,13,6.56382142651027,0.8516,5.58975032681615,16.0382675446843,62.7769983743709
7,CH4,43202.68,,2255309,,,,,,,,
7,CH4,43202.68,,2183608,,,,,,,,
7,CH4,40894.2226666667,P0R1B,3050806,2951427,72.1722240341235,17,12.269278085801,0.8516,10.4485172178681,,
7,CH4,40894.2226666667,,2814997,,,,,,,,
7,CH4,40894.2226666667,,2988478,,,,,,,,
7,CH4,43202.68,P0R2,2814997,2965863,68.6499772699286,18,12.3569959085872,0.8516,10.5232177157528,,68.6499772699286
7,CH4,43202.68,,2988478,,,,,,,,
7,CH4,43202.68,,3094114,,,,,,,,
7,CH4,43202.68,P0R3,2922921,3117724,72.1650601305289,12,8.65980721566347,0.8516,7.37469182485901,,72.1650601305289
7,CH4,43202.68,,3094114,,,,,,,,
7,CH4,43202.68,,3336137,,,,,,,,
7,CH4,43202.68,P1R1,3098638,3075715.33333333,71.1926976135123,14,9.96697766589172,0.8516,8.48787818027338,,71.1926976135123
7,CH4,43202.68,,2963169,,,,,,,,
7,CH4,43202.68,,3165339,,,,,,,,
7,CH4,43202.68,P1R2,2704050,2778761,64.3191811248747,16,10.2910689799799,0.8516,8.76387434335092,,64.3191811248747
7,CH4,43202.68,,2809888,,,,,,,,
7,CH4,43202.68,,2822345,,,,,,,,
7,CH4,43202.68,P1R3,2892970,2840045.33333333,65.7377119505858,18,11.8327881511054,0.8516,10.0768023894814,,65.7377119505858
7,CH4,43202.68,,2817954,,,,,,,,
7,CH4,43202.68,,2809212,,,,,,,,
7,CH4,43202.68,P2R1,2932321,2931701.33333333,67.8592470035038,12,8.14310964042046,0.8516,6.93467216978206,,67.8592470035038
7,CH4,43202.68,,2941077,,,,,,,,
7,CH4,43202.68,,2921706,,,,,,,,
7,CH4,43202.68,P2R2,2952585,2999469.33333333,69.4278533955147,13,9.02562094141691,0.8516,7.68621879371064,,69.4278533955147
7,CH4,43202.68,,2988675,,,,,,,,
7,CH4,43202.68,,3057148,,,,,,,,
7,CH4,43202.68,P2R3A,3045765,3099542.33333333,71.7442143249755,12,8.60930571899706,0.8516,7.3316847502979,14.0521128436289,68.753487766307
7,CH4,43202.68,,3169811,,,,,,,,
7,CH4,43202.68,,3083051,,,,,,,,
7,CH4,40894.2226666667,P2R3B,2733779,2689317,65.7627612076386,12,7.89153134491663,0.8516,6.720428093331,,
7,CH4,40894.2226666667,,2663364,,,,,,,,
7,CH4,40894.2226666667,,2670808,,,,,,,,
7,CH4,43202.68,P3R1,2633341,2661272,61.5996970558308,19,11.7039424406079,0.8516,9.96707738242165,,61.5996970558308
7,CH4,43202.68,,2676342,,,,,,,,
7,CH4,43202.68,,2674133,,,,,,,,
7,CH4,43202.68,P3R2,2725671,2733698.66666667,63.2761362643861,23,14.5535113408088,0.8516,12.3937702578328,,63.2761362643861
7,CH4,43202.68,,2705792,,,,,,,,
7,CH4,43202.68,,2769633,,,,,,,,
7,CH4,43202.68,P3R3,2847523,2849904,65.9659076705427,22,14.5124996875194,0.8516,12.3588447338915,,65.9659076705427
7,CH4,43202.68,,2839404,,,,,,,,
7,CH4,43202.68,,2862785,,,,,,,,
7,CH4,43202.68,P4R1,2993200,2933111.66666667,67.8918915832691,20,13.5783783166538,0.8516,11.5633469744624,,67.8918915832691
7,CH4,43202.68,,3018924,,,,,,,,
7,CH4,43202.68,,2787211,,,,,,,,
7,CH4,43202.68,P4R2,2980053,2953445,68.3625413978948,18,12.3052574516211,0.8516,10.4791572458005,,68.3625413978948
7,CH4,43202.68,,3094039,,,,,,,,
7,CH4,43202.68,,2786243,,,,,,,,
7,CH4,40894.2226666667,P4R3,2717459,2869632.66666667,70.1720800529053,22,15.4378576116392,0.8516,13.1468795420719,,70.1720800529053
7,CH4,40894.2226666667,,2710538,,,,,,,,
7,CH4,40894.2226666667,,3180901,,,,,,,,
9,CH4,40894.2226666667,R1,2946311,2900582.33333333,70.9289025243566,3065,2173.97086237153,0.8516,1851.35358639559,,70.9289025243566
9,CH4,40894.2226666667,,2822864,,,,,,,,
9,CH4,40894.2226666667,,2932572,,,,,,,,
9,CH4,40894.2226666667,R2,2755146,2936180.66666667,71.7994003847389,3240,2326.30057246554,0.8516,1981.07756751166,,71.7994003847389
9,CH4,40894.2226666667,,2969462,,,,,,,,
9,CH4,40894.2226666667,,3083934,,,,,,,,
9,CH4,40894.2226666667,R3,2858179,2801121.66666667,68.4967578305356,1750,1198.69326203437,0.8516,1020.80718194847,,68.4967578305356
9,CH4,40894.2226666667,,2905651,,,,,,,,
9,CH4,40894.2226666667,,2639535,,,,,,,,
9,CH4,40894.2226666667,P0R1,2933568,2929242.33333333,71.6297350168485,22,15.7585417037067,0.8516,13.4199741148766,,71.6297350168485
9,CH4,40894.2226666667,,3010282,,,,,,,,
9,CH4,40894.2226666667,,2843877,,,,,,,,
9,CH4,40894.2226666667,P0R2,3208537,3087468.33333333,75.4988879113715,15,11.3248331867057,0.8516,9.64422794179859,,75.4988879113715
9,CH4,40894.2226666667,,3120300,,,,,,,,
9,CH4,40894.2226666667,,2933568,,,,,,,,
9,CH4,40894.2226666667,P0R3,3010282,3020898.66666667,73.8710377573465,16,11.8193660411754,0.8516,10.065372120665,,73.8710377573465
9,CH4,40894.2226666667,,2843877,,,,,,,,
9,CH4,40894.2226666667,,3208537,,,,,,,,
9,CH4,40894.2226666667,P1R1A,2456511,2498975,61.1082651055486,10,6.11082651055486,0.8516,5.20397985638852,8.97453220153315,58.546867344692
9,CH4,40894.2226666667,,2669657,,,,,,,,
9,CH4,40894.2226666667,,2370757,,,,,,,,
9,CH4,40894.2226666667,P1R1B,2289055,2263295.66666667,55.3451201436213,8,4.4276096114897,0.8516,3.77055234514463,,
9,CH4,40894.2226666667,,2294214,,,,,,,,
9,CH4,40894.2226666667,,2206618,,,,,,,,
9,CH4,40894.2226666667,P1R2,2925813,2892212.66666667,70.7242362873947,12,8.48690835448737,0.8516,7.22745115468144,,70.7242362873947
9,CH4,40894.2226666667,,2888528,,,,,,,,
9,CH4,40894.2226666667,,2862297,,,,,,,,
9,CH4,40894.2226666667,P1R3,2547589,2691295.33333333,65.8111380492638,9,5.92300242443374,0.8516,5.04402886464778,,65.8111380492638
9,CH4,40894.2226666667,,2713429,,,,,,,,
9,CH4,40894.2226666667,,2812868,,,,,,,,
9,CH4,40894.2226666667,P2R1A,2294634,2309888,56.4844579350035,9,5.08360121415032,0.8516,4.32919479397041,6.72197465637118,60.7180570182027
9,CH4,40894.2226666667,,2309560,,,,,,,,
9,CH4,40894.2226666667,,2325470,,,,,,,,
9,CH4,40894.2226666667,P2R1B,2909809,2872559.66666667,70.2436549554009,4,2.80974619821603,0.8516,2.39277986240078,,
9,CH4,40894.2226666667,,2931145,,,,,,,,
9,CH4,40894.2226666667,,2776725,,,,,,,,
9,CH4,40894.2226666667,P2R2,2888115.86666667,2889668.26666667,70.6620172296873,10,7.06620172296873,0.8516,6.01757738728017,,70.6620172296873
9,CH4,40894.2226666667,,2889668.26666667,,,,,,,,
9,CH4,40894.2226666667,,2891220.66666667,,,,,,,,
9,CH4,40894.2226666667,P2R3A,2904436,2929521.66666667,71.6365656475616,12,8.59638787770739,0.8516,7.32068391665561,14.4343685613358,70.6237697732495
9,CH4,40894.2226666667,,2863095,,,,,,,,
9,CH4,40894.2226666667,,3021034,,,,,,,,
9,CH4,40894.2226666667,P2R3B,2885100,2846686.66666667,69.6109738989374,12,8.35331686787248,0.8516,7.11368464468021,,
9,CH4,40894.2226666667,,2861218,,,,,,,,
9,CH4,40894.2226666667,,2793742,,,,,,,,
9,CH4,40894.2226666667,P3R1,2914700,2985417.66666667,73.003409087908,13,9.49044318142804,0.8516,8.08206141330412,,73.003409087908
9,CH4,40894.2226666667,,3022561,,,,,,,,
9,CH4,40894.2226666667,,3018992,,,,,,,,
9,CH4,40894.2226666667,P3R2,2964310,3001980,73.4084133220839,12,8.80900959865007,0.8516,7.5017525742104,,73.4084133220839
9,CH4,40894.2226666667,,3000500,,,,,,,,
9,CH4,40894.2226666667,,3041130,,,,,,,,
9,CH4,40894.2226666667,P3R3,2667530,2694050,65.8784988275606,11,7.24663487103166,0.8516,6.17123425617056,,65.8784988275606
9,CH4,40894.2226666667,,2719710,,,,,,,,
9,CH4,40894.2226666667,,2694910,,,,,,,,
9,CH4,40894.2226666667,P4R1,2817854,2920739.66666667,71.4218164867428,12,8.57061797840914,0.8516,7.29873827041322,,71.4218164867428
9,CH4,40894.2226666667,,2979569,,,40,,,,,
9,CH4,40894.2226666667,,2964796,,,,,,,,
9,CH4,40894.2226666667,P4R2,2819774,2837499.33333333,69.3863129875852,12,8.32635755851022,0.8516,7.0907260968273,,69.3863129875852
9,CH4,40894.2226666667,,2971350,,,,,,,,
9,CH4,40894.2226666667,,2721374,,,,,,,,
9,CH4,40894.2226666667,P4R3,2670918,2877557.33333333,70.3658645571679,16,11.2585383291469,0.8516,9.58777124110147,,70.3658645571679
9,CH4,40894.2226666667,,3093298,,,,,,,,
9,CH4,40894.2226666667,,2868456,,,,,,,,
14,CH4,45613.0933333333,R1,2656679,2759599,60.5001502492559,6750,4083.76014182477,0.8516,3477.73013677798,,60.5001502492559
14,CH4,45613.0933333333,,2801103,,,,,,,,
14,CH4,45613.0933333333,,2821015,,,,,,,,
14,CH4,45613.0933333333,R2,2755146,2936180.66666667,64.3714436381133,3240,2085.63477387487,0.8516,1776.12657343184,,64.3714436381133
14,CH4,45613.0933333333,,2969462,,,,,,,,
14,CH4,45613.0933333333,,3083934,,,,,,,,
14,CH4,45613.0933333333,R3,2858179,2801121.66666667,61.4104736593177,3000,1842.31420977953,0.8516,1568.91478104825,,61.4104736593177
14,CH4,45613.0933333333,,2905651,,,,,,,,
14,CH4,45613.0933333333,,2639535,,,,,,,,
14,CH4,45613.0933333333,P0R1,3023823,3037207,66.5862974432487,10,6.65862974432487,0.8516,5.67048909026706,,66.5862974432487
14,CH4,45613.0933333333,,3067046,,,,,,,,
14,CH4,45613.0933333333,,3020752,,,,,,,,
14,CH4,45613.0933333333,P0R2,3067046,2823845.33333333,61.9086566371878,8,4.95269253097502,0.8516,4.21771295937833,,61.9086566371878
14,CH4,45613.0933333333,,2639143,,,,,,,,
14,CH4,45613.0933333333,,2765347,,,,,,,,
14,CH4,45613.0933333333,P0R3,2639143,2683559,58.8330850615408,10,5.88330850615408,0.8516,5.01022552384082,,58.8330850615408
14,CH4,45613.0933333333,,2765347,,,,,,,,
14,CH4,45613.0933333333,,2646187,,,,,,,,
14,CH4,45613.0933333333,P1R1,2879613,2966231.66666667,65.03026762491,8,5.2024214099928,0.8516,4.43038207274987,,65.03026762491
14,CH4,45613.0933333333,,2994020,,,,,,,,
14,CH4,45613.0933333333,,3025062,,,,,,,,
14,CH4,45613.0933333333,P1R2,2334500,2332228,51.1306694978226,12,6.13568033973871,0.8516,5.22514537732148,,51.1306694978226
14,CH4,45613.0933333333,,2339401,,,,,,,,
14,CH4,45613.0933333333,,2322783,,,,,,,,
14,CH4,45613.0933333333,P1R3,2547589,2691295.33333333,59.0026927940574,9,5.31024235146516,0.8516,4.52220238650773,,59.0026927940574
14,CH4,45613.0933333333,,2713429,,,,,,,,
14,CH4,45613.0933333333,,2812868,,,,,,,,
14,CH4,45613.0933333333,P2R1,2294634,2309888,50.6408978474602,11,5.57049876322062,0.8516,4.74383674675868,,50.6408978474602
14,CH4,45613.0933333333,,2309560,,,,,,,,
14,CH4,45613.0933333333,,2325470,,,,,,,,
14,CH4,45613.0933333333,P2R2,2770879,2675227.66666667,58.6504328289363,23,13.4895995506553,0.8516,11.4877429773381,,58.6504328289363
14,CH4,45613.0933333333,,2575686,,,,,,,,
14,CH4,45613.0933333333,,2679118,,,,,,,,
14,CH4,45613.0933333333,P2R3A,1605388,1638401,35.9195327540455,13,4.66953925802591,0.8516,3.97657963213487,10.354323007575,48.634678288281
14,CH4,45613.0933333333,,1634876,,,,,,,,
14,CH4,45613.0933333333,,1674939,,,,,,,,
14,CH4,45613.0933333333,P2R3B,2885100,2846686.66666667,62.4094192837027,12,7.48913031404433,0.8516,6.37774337544015,,
14,CH4,45613.0933333333,,2861218,,,,,,,,
14,CH4,45613.0933333333,,2793742,,,,,,,,
14,CH4,45613.0933333333,P3R1,2811351,2770318.66666667,60.7351631782921,13,7.89557121317797,0.8516,6.72386844514236,,60.7351631782921
14,CH4,45613.0933333333,,2791612,,,,,,,,
14,CH4,45613.0933333333,,2707993,,,,,,,,
14,CH4,45613.0933333333,P3R2,2982661,2961675.33333333,64.9303767163931,15,9.73955650745897,0.8516,8.29420632175206,,64.9303767163931
14,CH4,45613.0933333333,,2927472,,,,,,,,
14,CH4,45613.0933333333,,2974893,,,,,,,,
14,CH4,45613.0933333333,P3R3,3175341,3160588.66666667,69.2912590595332,11,7.62203849654865,0.8516,6.49092798366083,,69.2912590595332
14,CH4,45613.0933333333,,3202902,,,,,,,,
14,CH4,45613.0933333333,,3103523,,,,,,,,
14,CH4,45613.0933333333,P4R1,2334500,2332228,51.1306694978226,11,5.62437364476048,0.8516,4.78971659587803,,51.1306694978226
14,CH4,45613.0933333333,,2339401,,,,,,,,
14,CH4,45613.0933333333,,2322783,,,,,,,,
14,CH4,45613.0933333333,P4R2,2662185,2673355,58.6093773659142,16,9.37750037854628,0.8516,7.98587932237001,,58.6093773659142
14,CH4,45613.0933333333,,2735134,,,,,,,,
14,CH4,45613.0933333333,,2622746,,,,,,,,
14,CH4,45613.0933333333,P4R3,2566996,2500303.66666667,54.8154813442456,13,7.12601257475193,0.8516,6.06851230865874,,54.8154813442456
14,CH4,45613.0933333333,,2477854,,,,,,,,
14,CH4,45613.0933333333,,2456061,,,,,,,,
21,CH4,45613.0933333333,R1,2900080,3031759,66.4668580542078,5100,3389.8097607646,0.8516,2886.76199226713,,66.4668580542078
21,CH4,45613.0933333333,,3068518,,,,,,,,
21,CH4,45613.0933333333,,3126679,,,,,,,,
21,CH4,45613.0933333333,R2,2250798,2260316,49.5541046401296,4000,1982.16418560519,0.8516,1688.01102046138,,49.5541046401296
21,CH4,45613.0933333333,,2266581,,,,,,,,
21,CH4,45613.0933333333,,2263569,,,,,,,,
21,CH4,45613.0933333333,R3,2905234,2937685.66666667,64.4044385501005,3750,2415.16644562877,0.8516,2056.75574509746,,64.4044385501005
21,CH4,45613.0933333333,,2922361,,,,,,,,
21,CH4,45613.0933333333,,2985462,,,,,,,,
21,CH4,45613.0933333333,P1R1A,2294634,2309888,50.6408978474602,12,6.07690774169522,0.8516,5.17509463282765,10.073131285929,56.3260824774039
21,CH4,45613.0933333333,,2309560,,,,,,,,
21,CH4,45613.0933333333,,2325470,,,,,,,,
21,CH4,45613.0933333333,P1R1B,2915358,2914965.33333333,63.9063286506623,9,5.75156957855961,0.8516,4.89803665310136,,
21,CH4,45613.0933333333,,2941595,,,,,,,,
21,CH4,45613.0933333333,,2887943,,,,,,,,
21,CH4,45613.0933333333,P1R2A,1662185,1673355,36.6858478062732,8,2.93486782450185,0.8516,2.49933343934578,6.12463891879583,42.3054107064614
21,CH4,45613.0933333333,,1735134,,,,,,,,
21,CH4,45613.0933333333,,1622746,,,,,,,,
21,CH4,45613.0933333333,P1R2B,2145698,2157525.66666667,47.300577728851,9,4.25705199559659,0.8516,3.62530547945005,,
21,CH4,45613.0933333333,,2155984,,,,,,,,
21,CH4,45613.0933333333,,2170895,,,,,,,,
21,CH4,45613.0933333333,P1R3A,1926285,1895537,41.5568614508933,11,4.57125475959827,0.8516,3.89288055327388,6.25805137384529,40.8254486577246
21,CH4,45613.0933333333,,1897657,,,,,,,,
21,CH4,45613.0933333333,,1862669,,,,,,,,
21,CH4,45613.0933333333,P1R3B,1751962,1809749,39.6760856970308,7,2.77732599879216,0.8516,2.3651708205714,,
21,CH4,45613.0933333333,,1812552,,,,,,,,
21,CH4,45613.0933333333,,1864733,,,,,,,,
21,CH4,45613.0933333333,P2R1A,2676683,2693666.33333333,59.0546734826433,9,5.3149206134379,0.8516,4.52618639440371,7.56936052919893,59.2559928698836
21,CH4,45613.0933333333,,2698300,,,,,,,,
21,CH4,45613.0933333333,,2706016,,,,,,,,
21,CH4,45613.0933333333,P2R1B,2730623,2716623.33333333,59.557971950744,6,3.57347831704464,0.8516,3.04317413479521,,
21,CH4,45613.0933333333,,2701211,,,,,,,,
21,CH4,45613.0933333333,,2718036,,,,,,,,
21,CH4,45613.0933333333,P2R2A,2358603,2356848.33333333,51.6704341034241,8,4.13363472827393,0.8516,3.52020333459808,7.70864559497828,51.7254619538233
21,CH4,45613.0933333333,,2327294,,,,,,,,
21,CH4,45613.0933333333,,2384648,,,,,,,,
21,CH4,45613.0933333333,P2R2B,2318952,2361472,51.7718011962647,9.5,4.91832111364515,0.8516,4.18844226038021,,
21,CH4,45613.0933333333,,2361294,,,,,,,,
21,CH4,45613.0933333333,,2404170,,,,,,,,
21,CH4,45613.0933333333,P2R3A,1326267,1307655,28.6684130463124,10,2.86684130463124,0.8516,2.44140205502397,5.4258003578797,37.4782441209605
21,CH4,45613.0933333333,,1302908,,,,,,,,
21,CH4,45613.0933333333,,1293790,,,,,,,,
21,CH4,45613.0933333333,P2R3B,2290709,2283561,50.0637170847435,7,3.50446019593204,0.8516,2.98439830285573,,
21,CH4,45613.0933333333,,2307066,,,,,,,,
21,CH4,45613.0933333333,,2252908,,,,,,,,
21,CH4,45613.0933333333,P3R1A,1795836,1782489.66666667,39.0784648969214,10,3.90784648969214,0.8516,3.32792207062183,9.82869827137354,52.4611334353172
21,CH4,45613.0933333333,,1778510,,,,,,,,
21,CH4,45613.0933333333,,1773123,,,,,,,,
21,CH4,45613.0933333333,P3R1B,2903912,2901602,63.6133572173136,12,7.63360286607763,0.8516,6.50077620075171,,
21,CH4,45613.0933333333,,2946433,,,,,,,,
21,CH4,45613.0933333333,,2854461,,,,,,,,
21,CH4,45613.0933333333,P3R2A,1801740,2108409.66666667,46.2237816509996,11,5.08461598160996,0.8516,4.33005896993904,11.9350780407789,53.9034127650167
21,CH4,45613.0933333333,,2183845,,,,,,,,
21,CH4,45613.0933333333,,2339644,,,,,,,,
21,CH4,45613.0933333333,P3R2B,2553020,2676331.66666667,58.6746364055701,10,5.86746364055701,0.8516,4.99673203629835,,
21,CH4,45613.0933333333,,2708446,,,,,,,,
21,CH4,45613.0933333333,,2767529,,,,,,,,
21,CH4,45613.0933333333,P3R2C,2818701,2794082.66666667,61.2561539347474,5,3.06280769673737,0.8516,2.60828703454154,,
21,CH4,45613.0933333333,,2683322,,,,,,,,
21,CH4,45613.0933333333,,2880225,,,,,,,,
21,CH4,45613.0933333333,P3R3,2533783,2569141,56.3246386563858,12,6.7589566387663,0.8516,5.75592747357338,5.75592747357338,56.3246386563858
21,CH4,45613.0933333333,,2506448,,,,,,,,
21,CH4,45613.0933333333,,2667192,,,,,,,,
21,CH4,45613.0933333333,P4R1,2786061,2784748.66666667,61.0515197098377,13,7.9366975622789,0.8516,6.75889164403671,,61.0515197098377
21,CH4,45613.0933333333,,2743312,,,,,,,,
21,CH4,45613.0933333333,,2824873,,,,,,,,
21,CH4,45613.0933333333,P4R2,3004751,3012375.33333333,66.0418996650669,12,7.92502795980803,0.8516,6.74895381057252,,66.0418996650669
21,CH4,45613.0933333333,,3010742,,,,,,,,
21,CH4,45613.0933333333,,3021633,,,,,,,,
21,CH4,45613.0933333333,P4R3,2213461,2198962,48.2090084075274,11,5.30299092482802,0.8516,4.51602707158354,,48.2090084075274
21,CH4,45613.0933333333,,2209762,,,,,,,,
21,CH4,45613.0933333333,,2173663,,,,,,,,
21,CH4,45613.0933333333,P5R1,2817854,2920739.66666667,64.0329224181828,12,7.68395069018194,0.8516,6.54365240775894,,64.0329224181828
21,CH4,45613.0933333333,,2979569,,,,,,,,
21,CH4,45613.0933333333,,2964796,,,,,,,,
21,CH4,45613.0933333333,P5R2,2553020,2676331.66666667,58.6746364055701,12,7.04095636866841,0.8516,5.99607844355802,,58.6746364055701
21,CH4,45613.0933333333,,2708446,,,,,,,,
21,CH4,45613.0933333333,,2767529,,,,,,,,
21,CH4,45613.0933333333,P5R3,2919569,2928032.33333333,64.1928034114181,9,5.77735230702763,0.8516,4.91999322466473,,64.1928034114181
21,CH4,45613.0933333333,,2893244,,,,,,,,
21,CH4,45613.0933333333,,2971284,,,,,,,,
28,CH4,41850.1216666667,R1,2702597,2756655,65.869700976178,2000,1317.39401952356,0.8516,1121.89274702626,65.869700976178,
28,CH4,41850.1216666667,,2725919,,,,,,,,
28,CH4,41850.1216666667,,2841449,,,,,,,,
28,CH4,41850.1216666667,R2,2905234,2698058.66666667,64.4695537125679,1500,967.043305688518,0.8516,823.534079124342,64.4695537125679,
28,CH4,41850.1216666667,,2922361,,,,,,,,
28,CH4,41850.1216666667,,2266581,,,,,,,,
28,CH4,41850.1216666667,R3,2944976,2902274.66666667,69.349252787915,1355,939.682375276249,0.8516,800.233510785253,69.349252787915,
28,CH4,41850.1216666667,,2857272,,,,,,,,
28,CH4,41850.1216666667,,2904576,,,,,,,,
28,CH4,41850.1216666667,P0R1,2174601,2174601,51.9616410513821,2,1.03923282102764,0.8516,0.885010670387139,51.9616410513821,
28,CH4,41850.1216666667,P0R2,2139167,2238924.33333333,53.4986337952901,12,6.41983605543481,0.8516,5.46713238480828,53.4986337952901,
28,CH4,41850.1216666667,,2308508,,,,,,,,
28,CH4,41850.1216666667,,2269098,,,,,,,,
28,CH4,41850.1216666667,P0R3,2174601,2097900.66666667,50.1289024528125,8,4.010312196225,0.8516,3.41518186630521,50.1289024528125,
28,CH4,41850.1216666667,,2147333,,,,,,,,
28,CH4,41850.1216666667,,1971768,,,,,,,,
28,CH4,41850.1216666667,P1R1,2786312,2847479.33333333,68.0399296330202,11,7.48439225963222,0.8516,6.3737084483028,68.0399296330202,
28,CH4,41850.1216666667,,2937023,,,,,,,,
28,CH4,41850.1216666667,,2819103,,,,,,,,
28,CH4,41850.1216666667,P1R2,2560524,2532032.66666667,60.502396787138,7,4.23516777509966,0.8516,3.60666887727487,60.502396787138,
28,CH4,41850.1216666667,,2506548,,,,,,,,
28,CH4,41850.1216666667,,2529026,,,,,,,,
28,CH4,41850.1216666667,P1R3,2242654,2407100.33333333,57.5171645259653,4.5,2.58827240366844,0.8516,2.20417277896404,57.5171645259653,
28,CH4,41850.1216666667,,2440627,,,,,,,,
28,CH4,41850.1216666667,,2538020,,,,,,,,
28,CH4,41850.1216666667,P2R1,2309560,2317515,55.3765415178204,2,1.10753083035641,0.8516,0.943173255131516,55.3765415178204,
28,CH4,41850.1216666667,,2325470,,,,,,,,
28,CH4,41850.1216666667,P2R2,2553020,2676331.66666667,63.9503915420716,6,3.83702349252429,0.8516,3.26760920623369,63.9503915420716,
28,CH4,41850.1216666667,,2708446,,,,,,,,
28,CH4,41850.1216666667,,2767529,,,,,,,,
28,CH4,41850.1216666667,P2R3,2325470,2439245,58.285254686436,3,1.74855764059308,0.8516,1.48907168672907,58.285254686436,
28,CH4,41850.1216666667,,2553020,,,,,,,,
28,CH4,41850.1216666667,P3R1,2149111,2181722,52.1317958733135,6,3.12790775239881,0.8516,2.66372624194282,52.1317958733135,
28,CH4,41850.1216666667,,2162622,,,,,,,,
28,CH4,41850.1216666667,,2233433,,,,,,,,
28,CH4,41850.1216666667,P3R2,1958901,1947332,46.5310953098384,8,3.72248762478707,0.8516,3.17007046126867,46.5310953098384,
28,CH4,41850.1216666667,,1883452,,,,,,,,
28,CH4,41850.1216666667,,1999643,,,,,,,,
28,CH4,41850.1216666667,P3R3,1792471,1787555.33333333,42.7132649116552,11,4.69845914028207,0.8516,4.00120780386421,42.7132649116552,
28,CH4,41850.1216666667,,1727422,,,,,,,,
28,CH4,41850.1216666667,,1842773,,,,,,,,
28,CH4,41850.1216666667,P4R1,2399501,2385840.33333333,57.0091612238642,8,4.56073289790914,0.8516,3.88392013585942,57.0091612238642,
28,CH4,41850.1216666667,,2356789,,,,,,,,
28,CH4,41850.1216666667,,2401231,,,,,,,,
28,CH4,41850.1216666667,P4R2,2010340,2027665.33333333,48.4506436918762,4,1.93802574767505,0.8516,1.65042272672007,48.4506436918762,
28,CH4,41850.1216666667,,2031103,,,,,,,,
28,CH4,41850.1216666667,,2041553,,,,,,,,
28,CH4,41850.1216666667,P4R3,2599721,2608011.33333333,62.3178913099934,6,3.7390734785996,0.8516,3.18419497437542,62.3178913099934,
28,CH4,41850.1216666667,,2588996,,,,,,,,
28,CH4,41850.1216666667,,2635317,,,,,,,,
