day,measure,id,GC_val,standard_value,standard_molarity,dilute_COD,dilution,COD_mg_per_l,ave_COD_mg_per_l
0,sCOD,R1A,4.43,4.94,0.025662337662338,52.3511688311688,200,10470.2337662338,8725.1948051948
0,sCOD,R1B,4.6,4.94,0.025662337662338,34.9007792207792,200,6980.15584415584,
0,sCOD,R2A,4.49,4.94,0.025662337662338,46.1922077922077,200,9238.44155844155,9649.03896103895
0,sCOD,R2B,4.45,4.94,0.025662337662338,50.2981818181818,200,10059.6363636364,
0,sCOD,R3A,4.43,4.94,0.025662337662338,52.3511688311688,200,10470.2337662338,9956.987012987
0,sCOD,R3B,4.48,4.94,0.025662337662338,47.2187012987012,200,9443.74025974024,
0,sCOD,P0R1A,4.43,4.94,0.025662337662338,52.3511688311688,200,10470.2337662338,10162.2857142857
0,sCOD,P0R1B,4.46,4.94,0.025662337662338,49.2716883116883,200,9854.33766233765,
0,sCOD,P0R2A,4.44,4.94,0.025662337662338,51.3246753246752,200,10264.935064935,10778.1818181818
0,sCOD,P0R2B,4.39,4.94,0.025662337662338,56.4571428571428,200,11291.4285714286,
0,sCOD,P0R3A,4.48,4.94,0.025662337662338,47.2187012987012,200,9443.74025974024,9649.03896103895
0,sCOD,P0R3B,4.46,4.94,0.025662337662338,49.2716883116883,200,9854.33766233765,
0,sCOD,P1R1A,4.37,4.94,0.025662337662338,58.5101298701298,200,11702.025974026,10059.6363636364
0,sCOD,P1R1B,4.53,4.94,0.025662337662338,42.0862337662337,200,8417.24675324674,
0,sCOD,P1R2A,4.53,4.94,0.025662337662338,42.0862337662337,200,8417.24675324674,9956.987012987
0,sCOD,P1R2B,4.38,4.94,0.025662337662338,57.4836363636363,200,11496.7272727273,
0,sCOD,P1R3A,4.49,4.94,0.025662337662338,46.1922077922077,200,9238.44155844155,8725.19480519479
0,sCOD,P1R3B,4.54,4.94,0.025662337662338,41.0597402597402,200,8211.94805194804,
0,sCOD,P2R1A,4.46,4.94,0.025662337662338,49.2716883116883,200,9854.33766233765,10059.6363636364
0,sCOD,P2R1B,4.44,4.94,0.025662337662338,51.3246753246752,200,10264.935064935,
0,sCOD,P2R2A,4.57,4.94,0.025662337662338,37.9802597402597,200,7596.05194805193,9033.14285714285
0,sCOD,P2R2B,4.43,4.94,0.025662337662338,52.3511688311688,200,10470.2337662338,
0,sCOD,P2R3A,4.38,4.94,0.025662337662338,57.4836363636363,200,11496.7272727273,10675.5324675325
0,sCOD,P2R3B,4.46,4.94,0.025662337662338,49.2716883116883,200,9854.33766233765,
0,sCOD,P3R1A,4.41,4.94,0.025662337662338,54.4041558441558,200,10880.8311688312,10059.6363636364
0,sCOD,P3R1B,4.49,4.94,0.025662337662338,46.1922077922077,200,9238.44155844155,
0,sCOD,P3R2A,4.35,4.94,0.025662337662338,60.5631168831169,200,12112.6233766234,10778.1818181818
0,sCOD,P3R2B,4.48,4.94,0.025662337662338,47.2187012987012,200,9443.74025974024,
0,sCOD,P3R3A,4.49,4.94,0.025662337662338,46.1922077922077,200,9238.44155844155,9751.6883116883
0,sCOD,P3R3B,4.44,4.94,0.025662337662338,51.3246753246752,200,10264.935064935,
0,sCOD,P4R1A,4.35,4.94,0.025662337662338,60.5631168831169,200,12112.6233766234,11702.025974026
0,sCOD,P4R1B,4.39,4.94,0.025662337662338,56.4571428571428,200,11291.4285714286,
0,sCOD,P4R2A,4.4,4.94,0.025662337662338,55.4306493506493,200,11086.1298701299,10162.2857142857
0,sCOD,P4R2B,4.49,4.94,0.025662337662338,46.1922077922077,200,9238.44155844155,
0,sCOD,P4R3A,4.45,4.94,0.025662337662338,50.2981818181818,200,10059.6363636364,9649.03896103895
0,sCOD,P4R3B,4.49,4.94,0.025662337662338,46.1922077922077,200,9238.44155844155,
0,tCOD,R1A,2.93,4.885,0.025662337662338,200.679480519481,200,40135.8961038961,38801.4545454545
0,tCOD,R1B,3.06,4.885,0.025662337662338,187.335064935065,200,37467.012987013,
0,tCOD,R2A,3.12,4.885,0.025662337662338,181.176103896104,200,36235.2207792208,37467.012987013
0,tCOD,R2B,3,4.885,0.025662337662338,193.494025974026,200,38698.8051948052,
0,tCOD,R3A,2.75,4.885,0.025662337662338,219.156363636364,200,43831.2727272727,43112.7272727273
0,tCOD,R3B,2.82,4.885,0.025662337662338,211.970909090909,200,42394.1818181818,
0,tCOD,P0R1A,2.85,4.885,0.025662337662338,208.891428571429,200,41778.2857142857,41470.3376623377
0,tCOD,P0R1B,2.88,4.885,0.025662337662338,205.811948051948,200,41162.3896103896,
0,tCOD,P0R2A,3.15,4.885,0.025662337662338,178.096623376623,200,35619.3246753247,36645.8181818182
0,tCOD,P0R2B,3.05,4.885,0.025662337662338,188.361558441558,200,37672.3116883117,
0,tCOD,P0R3A,3.04,4.885,0.025662337662338,189.388051948052,200,37877.6103896104,36440.5194805195
0,tCOD,P0R3B,3.18,4.885,0.025662337662338,175.017142857143,200,35003.4285714286,
0,tCOD,P1R1A,3.16,4.885,0.025662337662338,177.07012987013,200,35414.025974026,35824.6233766234
0,tCOD,P1R1B,3.12,4.885,0.025662337662338,181.176103896104,200,36235.2207792208,
0,tCOD,P1R2A,3.19,4.885,0.025662337662338,173.990649350649,200,34798.1298701299,35927.2727272727
0,tCOD,P1R2B,3.08,4.885,0.025662337662338,185.282077922078,200,37056.4155844156,
0,tCOD,P1R3A,3.24,4.885,0.025662337662338,168.858181818182,200,33771.6363636364,33874.2857142857
0,tCOD,P1R3B,3.23,4.885,0.025662337662338,169.884675324675,200,33976.9350649351,
0,tCOD,P2R1A,2.62,4.885,0.025662337662338,232.500779220779,200,46500.1558441558,44447.1688311688
0,tCOD,P2R1B,2.82,4.885,0.025662337662338,211.970909090909,200,42394.1818181818,
0,tCOD,P2R2A,2.86,4.885,0.025662337662338,207.864935064935,200,41572.987012987,41983.5844155844
0,tCOD,P2R2B,2.82,4.885,0.025662337662338,211.970909090909,200,42394.1818181818,
0,tCOD,P2R3A,2.83,4.885,0.025662337662338,210.944415584416,200,42188.8831168831,40957.0909090909
0,tCOD,P2R3B,2.95,4.885,0.025662337662338,198.626493506493,200,39725.2987012987,
0,tCOD,P3R1A,2.57,4.885,0.025662337662338,237.633246753247,200,47526.6493506493,42599.4805194805
0,tCOD,P3R1B,3.05,4.885,0.025662337662338,188.361558441558,200,37672.3116883117,
0,tCOD,P3R2A,2.96,4.885,0.025662337662338,197.6,200,39520,45063.0649350649
0,tCOD,P3R2B,2.42,4.885,0.025662337662338,253.030649350649,200,50606.1298701299,
0,tCOD,P3R3A,2.85,4.885,0.025662337662338,208.891428571429,200,41778.2857142857,44139.2207792208
0,tCOD,P3R3B,2.62,4.885,0.025662337662338,232.500779220779,200,46500.1558441558,
0,tCOD,P4R1A,2.96,4.885,0.025662337662338,197.6,200,39520,41470.3376623377
0,tCOD,P4R1B,2.77,4.885,0.025662337662338,217.103376623377,200,43420.6753246753,
0,tCOD,P4R2A,3,4.885,0.025662337662338,193.494025974026,200,38698.8051948052,39212.0519480519
0,tCOD,P4R2B,2.95,4.885,0.025662337662338,198.626493506493,200,39725.2987012987,
0,tCOD,P4R3A,3.04,4.885,0.025662337662338,189.388051948052,200,37877.6103896104,40033.2467532468
0,tCOD,P4R3B,2.83,4.885,0.025662337662338,210.944415584416,200,42188.8831168831,
0,sCOD,FS1,3.51,4.885,0.025662337662338,141.142857142857,200,28228.5714285714,23968.6233766234
0,sCOD,FS2,3.58,4.885,0.025662337662338,133.957402597403,200,26791.4805194805,
0,sCOD,FS3,3.74,4.885,0.025662337662338,117.533506493506,200,23506.7012987013,
0,sCOD,FS4,4.04,4.885,0.025662337662338,86.7387012987013,200,17347.7402597403,
0,sCOD,FS1,4.27,4.885,0.025662337662338,63.1293506493507,400,25251.7402597403,24841.1428571428
0,sCOD,FS2,4.23,4.885,0.025662337662338,67.2353246753246,400,26894.1298701298,
0,sCOD,FS3,4.35,4.885,0.025662337662338,54.9174025974026,400,21966.961038961,
0,sCOD,FS4,4.27,4.885,0.025662337662338,63.1293506493507,400,25251.7402597403,
0,tCOD,FS1,1.29,4.885,0.025662337662338,369.024415584416,500,184512.207792208,197685.541125541
0,tCOD,FS2,1.26,4.885,0.025662337662338,372.103896103896,500,186051.948051948,
0,tCOD,FS3,-,,,,,,
0,tCOD,FS4,0.55,4.885,0.025662337662338,444.984935064935,500,222492.467532468,
0,tCOD,FS1,2.52,4.885,0.025662337662338,242.765714285714,1000,242765.714285714,237633.246753247
0,tCOD,FS2,2.39,4.885,0.025662337662338,256.11012987013,1000,256110.12987013,
0,tCOD,FS3,2.39,4.885,0.025662337662338,256.11012987013,1000,256110.12987013,
0,tCOD,FS4,2.98,4.885,0.025662337662338,195.547012987013,1000,195547.012987013,
7,sCOD,R1A,4.1,5.105,0.025308374384237,101.739665024631,50,5086.98325123153,4960.44137931035
7,sCOD,R1B,4.15,5.105,0.025308374384237,96.6779901477833,50,4833.89950738916,
7,sCOD,R2A,4.17,5.105,0.025308374384237,94.6533201970444,50,4732.66600985222,4884.51625615764
7,sCOD,R2B,4.11,5.105,0.025308374384237,100.727330049261,50,5036.36650246306,
7,sCOD,R3A,4.2,5.105,0.025308374384237,91.616315270936,50,4580.8157635468,4580.8157635468
7,sCOD,R3B,4.2,5.105,0.025308374384237,91.616315270936,50,4580.8157635468,
7,sCOD,P0R1A,4.29,5.105,0.025308374384237,82.5053004926109,50,4125.26502463054,4403.65714285715
7,sCOD,P0R1B,4.18,5.105,0.025308374384237,93.640985221675,50,4682.04926108375,
7,sCOD,P0R2A,4.27,5.105,0.025308374384237,84.5299704433499,50,4226.49852216749,4175.88177339902
7,sCOD,P0R2B,4.29,5.105,0.025308374384237,82.5053004926109,50,4125.26502463054,
7,sCOD,P0R3A,4.11,5.105,0.025308374384237,100.727330049261,50,5036.36650246306,5112.29162561577
7,sCOD,P0R3B,4.08,5.105,0.025308374384237,103.76433497537,50,5188.21674876848,
7,sCOD,P1R1A,4.54,5.105,0.025308374384237,57.1969261083744,50,2859.84630541872,2556.14581280788
7,sCOD,P1R1B,4.66,5.105,0.025308374384237,45.0489064039409,50,2252.44532019705,
7,sCOD,P1R2A,4.61,5.105,0.025308374384237,50.1105812807882,50,2505.52906403941,2606.76256157636
7,sCOD,P1R2B,4.57,5.105,0.025308374384237,54.159921182266,50,2707.9960591133,
7,sCOD,P1R3A,4.6,5.105,0.025308374384237,51.1229162561577,50,2556.14581280789,2834.53793103449
7,sCOD,P1R3B,4.49,5.105,0.025308374384237,62.2586009852217,50,3112.93004926108,
7,sCOD,P2R1A,3.67,5.105,0.025308374384237,145.270068965517,50,7263.50344827587,7263.50344827587
7,sCOD,P2R1B,3.67,5.105,0.025308374384237,145.270068965517,50,7263.50344827587,
7,sCOD,P2R2A,4.34,5.105,0.025308374384237,77.4436256157636,50,3872.18128078818,4327.73201970444
7,sCOD,P2R2B,4.16,5.105,0.025308374384237,95.6656551724138,50,4783.28275862069,
7,sCOD,P2R3A,3.65,5.105,0.025308374384237,147.294738916256,50,7364.73694581281,7314.12019704434
7,sCOD,P2R3B,3.67,5.105,0.025308374384237,145.270068965517,50,7263.50344827587,
7,sCOD,P3R1A,3.93,5.105,0.025308374384237,118.949359605911,50,5947.46798029557,5947.46798029557
7,sCOD,P3R1B,3.93,5.105,0.025308374384237,118.949359605911,50,5947.46798029557,
7,sCOD,P3R2A,4.18,5.105,0.025308374384237,93.640985221675,50,4682.04926108375,4454.27389162562
7,sCOD,P3R2B,4.27,5.105,0.025308374384237,84.5299704433499,50,4226.49852216749,
7,sCOD,P3R3A,4.11,5.105,0.025308374384237,100.727330049261,50,5036.36650246306,5112.29162561577
7,sCOD,P3R3B,4.08,5.105,0.025308374384237,103.76433497537,50,5188.21674876848,
7,sCOD,P4R1A,3.89,5.105,0.025308374384237,122.998699507389,50,6149.93497536946,6200.55172413793
7,sCOD,P4R1B,3.87,5.105,0.025308374384237,125.023369458128,50,6251.16847290641,
7,sCOD,P4R2A,4.2,5.105,0.025308374384237,91.616315270936,50,4580.8157635468,4707.35763546798
7,sCOD,P4R2B,4.15,5.105,0.025308374384237,96.6779901477833,50,4833.89950738916,
7,sCOD,P4R3A,3.96,5.105,0.025308374384237,115.912354679803,50,5795.61773399015,5922.15960591133
7,sCOD,P4R3B,3.91,5.105,0.025308374384237,120.97402955665,50,6048.70147783251,
7,tCOD,R1A,2.91,5.105,0.025308374384237,222.207527093596,200,44441.5054187192,44441.5054187192
7,tCOD,R1B,2.91,5.105,0.025308374384237,222.207527093596,200,44441.5054187192,
7,tCOD,R2A,3.57,5.105,0.025308374384237,155.393418719212,200,31078.6837438424,34318.1556650246
7,tCOD,R2B,3.25,5.105,0.025308374384237,187.788137931035,200,37557.6275862069,
7,tCOD,R3A,3.41,5.105,0.025308374384237,171.590778325123,200,34318.1556650246,35128.0236453202
7,tCOD,R3B,3.33,5.105,0.025308374384237,179.689458128079,200,35937.8916256158,
7,tCOD,P0R1A,1.98,5.105,0.025308374384237,316.354679802956,200,63270.9359605911,43024.236453202
7,tCOD,P0R1B,3.98,5.105,0.025308374384237,113.887684729064,200,22777.5369458128,
7,tCOD,P0R2A,3.9,5.105,0.025308374384237,121.98636453202,200,24397.272906404,25207.1408866995
7,tCOD,P0R2B,3.82,5.105,0.025308374384237,130.085044334975,200,26017.0088669951,
7,tCOD,P0R3A,3.87,5.105,0.025308374384237,125.023369458128,200,25004.6738916256,33103.3536945813
7,tCOD,P0R3B,3.07,5.105,0.025308374384237,206.010167487685,200,41202.033497537,
7,tCOD,P1R1A,4.4,5.105,0.025308374384237,71.3696157635468,200,14273.9231527094,15691.1921182266
7,tCOD,P1R1B,4.26,5.105,0.025308374384237,85.5423054187193,200,17108.4610837439,
7,tCOD,P1R2A,4.27,5.105,0.025308374384237,84.5299704433499,200,16905.99408867,18424.4965517242
7,tCOD,P1R2B,4.12,5.105,0.025308374384237,99.7149950738917,200,19942.9990147783,
7,tCOD,P1R3A,4.46,5.105,0.025308374384237,65.2956059113301,200,13059.121182266,15286.2581280788
7,tCOD,P1R3B,4.24,5.105,0.025308374384237,87.5669753694582,200,17513.3950738916,
7,tCOD,P2R1A,3.39,5.105,0.025308374384237,173.615448275862,200,34723.0896551724,35330.4906403941
7,tCOD,P2R1B,3.33,5.105,0.025308374384237,179.689458128079,200,35937.8916256158,
7,tCOD,P2R2A,3.54,5.105,0.025308374384237,158.43042364532,200,31686.084729064,30066.3487684729
7,tCOD,P2R2B,3.7,5.105,0.025308374384237,142.233064039409,200,28446.6128078818,
7,tCOD,P2R3A,3.47,5.105,0.025308374384237,165.516768472906,200,33103.3536945813,33407.0541871921
7,tCOD,P2R3B,3.44,5.105,0.025308374384237,168.553773399015,200,33710.754679803,
7,tCOD,P3R1A,3.53,5.105,0.025308374384237,159.44275862069,200,31888.5517241379,42720.5359605911
7,tCOD,P3R1B,2.46,5.105,0.025308374384237,267.762600985222,200,53552.5201970444,
7,tCOD,P3R2A,3.33,5.105,0.025308374384237,179.689458128079,200,35937.8916256158,34621.8561576355
7,tCOD,P3R2B,3.46,5.105,0.025308374384237,166.529103448276,200,33305.8206896552,
7,tCOD,P3R3A,3.5,5.105,0.025308374384237,162.479763546798,200,32495.9527093596,38569.9625615764
7,tCOD,P3R3B,2.9,5.105,0.025308374384237,223.219862068966,200,44643.9724137931,
7,tCOD,P4R1A,3.2,5.105,0.025308374384237,192.849812807882,200,38569.9625615764,39582.2975369458
7,tCOD,P4R1B,3.1,5.105,0.025308374384237,202.973162561576,200,40594.6325123153,
7,tCOD,P4R2A,2.95,5.105,0.025308374384237,218.158187192118,200,43631.6374384237,39076.1300492611
7,tCOD,P4R2B,3.4,5.105,0.025308374384237,172.603113300493,200,34520.6226600985,
7,tCOD,P4R3A,3.07,5.105,0.025308374384237,206.010167487685,200,41202.033497537,51831.5507389163
7,tCOD,P4R3B,2.02,5.105,0.025308374384237,312.305339901478,200,62461.0679802956,
14,sCOD,R1A,4.54,5.16,0.0242797731569,60.2138374291115,50,3010.69187145558,3221.11657214871
14,sCOD,R1B,4.48,5.16,0.0242797731569,66.0409829867674,50,3302.04914933837,
14,sCOD,R1C,4.47,5.16,0.0242797731569,67.0121739130435,50,3350.60869565218,
14,sCOD,R2A,4.5,5.16,0.0242797731569,64.0986011342155,50,3204.93005671077,3593.40642722117
14,sCOD,R2B,4.24,5.16,0.0242797731569,89.3495652173913,50,4467.47826086956,
14,sCOD,R2C,4.52,5.16,0.0242797731569,62.1562192816636,50,3107.81096408318,
14,sCOD,R3A,4.19,5.16,0.0242797731569,94.2055198487712,50,4710.27599243856,3900.9502205419
14,sCOD,R3B,4.4,5.16,0.0242797731569,73.8105103969754,50,3690.52551984877,
14,sCOD,R3C,4.48,5.16,0.0242797731569,66.0409829867674,50,3302.04914933837,
14,sCOD,P0R1A,4.72,5.16,0.0242797731569,42.7324007561437,50,2136.62003780718,2306.57844990548
14,sCOD,P0R1B,4.65,5.16,0.0242797731569,49.5307372400756,50,2476.53686200378,
14,sCOD,P0R2A,4.54,5.16,0.0242797731569,60.2138374291115,50,3010.69187145558,2500.81663516068
14,sCOD,P0R2B,4.75,5.16,0.0242797731569,39.8188279773157,50,1990.94139886578,
14,sCOD,P0R3A,4.76,5.16,0.0242797731569,38.8476370510397,50,1942.38185255199,1990.94139886578
14,sCOD,P0R3B,4.74,5.16,0.0242797731569,40.7900189035917,50,2039.50094517958,
14,sCOD,P1R1A,4.87,5.16,0.0242797731569,28.1645368620038,50,1408.22684310019,2063.78071833648
14,sCOD,P1R1B,4.6,5.16,0.0242797731569,54.3866918714556,50,2719.33459357278,
14,sCOD,P1R2A,4.72,5.16,0.0242797731569,42.7324007561437,50,2136.62003780718,2160.89981096408
14,sCOD,P1R2B,4.71,5.16,0.0242797731569,43.7035916824197,50,2185.17958412098,
14,sCOD,P1R3A,4.68,5.16,0.0242797731569,46.6171644612477,50,2330.85822306238,2525.09640831758
14,sCOD,P1R3B,4.6,5.16,0.0242797731569,54.3866918714556,50,2719.33459357278,
14,sCOD,P2R1A,4.72,5.16,0.0242797731569,42.7324007561437,50,2136.62003780718,2185.17958412098
14,sCOD,P2R1B,4.7,5.16,0.0242797731569,44.6747826086956,50,2233.73913043478,
14,sCOD,P2R2A,4.63,5.16,0.0242797731569,51.4731190926276,50,2573.65595463138,2063.78071833648
14,sCOD,P2R2B,4.84,5.16,0.0242797731569,31.0781096408318,50,1553.90548204159,
14,sCOD,P2R3A,4.65,5.16,0.0242797731569,49.5307372400756,50,2476.53686200378,2330.85822306238
14,sCOD,P2R3B,4.71,5.16,0.0242797731569,43.7035916824197,50,2185.17958412098,
14,sCOD,P3R1A,4.68,5.16,0.0242797731569,46.6171644612477,50,2330.85822306238,1990.94139886578
14,sCOD,P3R1B,4.82,5.16,0.0242797731569,33.0204914933837,50,1651.02457466919,
14,sCOD,P3R2A,4.67,5.16,0.0242797731569,47.5883553875236,50,2379.41776937618,2355.13799621928
14,sCOD,P3R2B,4.68,5.16,0.0242797731569,46.6171644612477,50,2330.85822306238,
14,sCOD,P3R3A,4.65,5.16,0.0242797731569,49.5307372400756,50,2476.53686200378,2743.61436672968
14,sCOD,P3R3B,4.54,5.16,0.0242797731569,60.2138374291115,50,3010.69187145558,
14,sCOD,P4R1A,4.82,5.16,0.0242797731569,33.0204914933837,50,1651.02457466919,1626.74480151229
14,sCOD,P4R1B,4.83,5.16,0.0242797731569,32.0493005671077,50,1602.46502835539,
14,sCOD,P4R2A,4.54,5.16,0.0242797731569,60.2138374291115,50,3010.69187145558,3350.60869565217
14,sCOD,P4R2B,4.4,5.16,0.0242797731569,73.8105103969754,50,3690.52551984877,
14,sCOD,P4R3A,4.82,5.16,0.0242797731569,33.0204914933837,50,1651.02457466919,1820.98298676749
14,sCOD,P4R3B,4.75,5.16,0.0242797731569,39.8188279773157,50,1990.94139886578,
14,tCOD,R1A,3.68,5.145,0.024511450381679,143.637099236641,200,28727.4198473282,31472.7022900763
14,tCOD,R1B,3.4,5.145,0.024511450381679,171.089923664122,200,34217.9847328244,
14,tCOD,R1C,2.17,5.145,0.024511450381679,291.686259541985,200,58337.2519083969,
14,tCOD,R2A,3.47,5.145,0.024511450381679,164.226717557252,200,32845.3435114504,38009.0890585242
14,tCOD,R2B,3.01,5.145,0.024511450381679,209.327786259542,200,41865.5572519084,
14,tCOD,R2C,3.14,5.145,0.024511450381679,196.581832061069,200,39316.3664122137,
14,tCOD,R3A,3.17,5.145,0.024511450381679,193.640458015267,200,38728.0916030534,39839.2773536895
14,tCOD,R3B,2.83,5.145,0.024511450381679,226.976030534351,200,45395.2061068702,
14,tCOD,R3C,3.34,5.145,0.024511450381679,176.972671755725,200,35394.534351145,
14,tCOD,P0R1A,3.86,5.145,0.024511450381679,125.988854961832,200,25197.7709923664,25197.7709923664
14,tCOD,P0R1B,3.86,5.145,0.024511450381679,125.988854961832,200,25197.7709923664,
14,tCOD,P0R2A,3.82,5.145,0.024511450381679,129.910687022901,200,25982.1374045801,25884.0916030534
14,tCOD,P0R2B,3.83,5.145,0.024511450381679,128.930229007634,200,25786.0458015267,
14,tCOD,P0R3A,3.24,5.145,0.024511450381679,186.777251908397,200,37355.4503816794,32845.3435114504
14,tCOD,P0R3B,3.7,5.145,0.024511450381679,141.676183206107,200,28335.2366412213,
14,tCOD,P1R1A,2.89,5.145,0.024511450381679,221.093282442748,200,44218.6564885496,39218.320610687
14,tCOD,P1R1B,3.4,5.145,0.024511450381679,171.089923664122,200,34217.9847328244,
14,tCOD,P1R2A,3.67,5.145,0.024511450381679,144.617557251908,200,28923.5114503817,25884.0916030534
14,tCOD,P1R2B,3.98,5.145,0.024511450381679,114.223358778626,200,22844.6717557252,
14,tCOD,P1R3A,3.97,5.145,0.024511450381679,115.203816793893,200,23040.7633587786,26374.320610687
14,tCOD,P1R3B,3.63,5.145,0.024511450381679,148.539389312977,200,29707.8778625954,
14,tCOD,P2R1A,3.65,5.145,0.024511450381679,146.578473282443,200,29315.6946564885,30100.0610687023
14,tCOD,P2R1B,3.57,5.145,0.024511450381679,154.42213740458,200,30884.427480916,
14,tCOD,P2R2A,3.71,5.145,0.024511450381679,140.69572519084,200,28139.1450381679,26570.4122137404
14,tCOD,P2R2B,3.87,5.145,0.024511450381679,125.008396946565,200,25001.679389313,
14,tCOD,P2R3A,3.56,5.145,0.024511450381679,155.402595419847,200,31080.5190839695,31766.8396946565
14,tCOD,P2R3B,3.49,5.145,0.024511450381679,162.265801526718,200,32453.1603053435,
14,tCOD,P3R1A,3.75,5.145,0.024511450381679,136.773893129771,200,27354.7786259542,36963.2671755725
14,tCOD,P3R1B,2.77,5.145,0.024511450381679,232.858778625954,200,46571.7557251908,
14,tCOD,P3R2A,3.18,5.145,0.024511450381679,192.66,200,38532,33041.4351145038
14,tCOD,P3R2B,3.74,5.145,0.024511450381679,137.754351145038,200,27550.8702290076,
14,tCOD,P3R3A,3.77,5.145,0.024511450381679,134.812977099237,200,26962.5954198473,32257.0687022901
14,tCOD,P3R3B,3.23,5.145,0.024511450381679,187.757709923664,200,37551.5419847328,
14,tCOD,P4R1A,3.44,5.145,0.024511450381679,167.168091603053,200,33433.6183206107,33139.4809160305
14,tCOD,P4R1B,3.47,5.145,0.024511450381679,164.226717557252,200,32845.3435114504,
14,tCOD,P4R2A,3.48,5.145,0.024511450381679,163.246259541985,200,32649.2519083969,31080.5190839695
14,tCOD,P4R2B,3.64,5.145,0.024511450381679,147.55893129771,200,29511.786259542,
14,tCOD,P4R3A,3.66,5.145,0.024511450381679,145.598015267176,200,29119.6030534351,26472.3664122137
14,tCOD,P4R3B,3.93,5.145,0.024511450381679,119.125648854962,200,23825.1297709923,
21,sCOD,R1A,4.35,5.225,0.024052434456929,84.183520599251,50,4209.17602996255,4337.4556803995
21,sCOD,R1B,4.31,5.225,0.024052434456929,88.0319101123596,50,4401.59550561798,
21,sCOD,R1C,4.31,5.225,0.024052434456929,88.0319101123596,50,4401.59550561798,
21,sCOD,R2A,4.51,5.225,0.024052434456929,68.7899625468165,50,3439.49812734082,3808.30212234706
21,sCOD,R2B,4.33,5.225,0.024052434456929,86.1077153558052,50,4305.38576779026,
21,sCOD,R2C,4.46,5.225,0.024052434456929,73.6004494382022,50,3680.02247191011,
21,sCOD,R3A,4.6,5.225,0.024052434456929,60.1310861423221,50,3006.5543071161,3599.84769038702
21,sCOD,R3B,4.48,5.225,0.024052434456929,71.6762546816479,50,3583.81273408239,
21,sCOD,R3C,4.35,5.225,0.024052434456929,84.183520599251,50,4209.17602996255,
21,sCOD,P0R1A,4.54,5.225,0.024052434456929,65.903670411985,50,3295.18352059925,3295.18352059925
21,sCOD,P0R1B,4.54,5.225,0.024052434456929,65.903670411985,50,3295.18352059925,
21,sCOD,P0R2A,4.1,5.225,0.024052434456929,108.23595505618,50,5411.79775280899,3559.76029962547
21,sCOD,P0R2B,4.87,5.225,0.024052434456929,34.1544569288389,50,1707.72284644195,
21,sCOD,P0R3A,4.83,5.225,0.024052434456929,38.0028464419475,50,1900.14232209738,1852.03745318352
21,sCOD,P0R3B,4.85,5.225,0.024052434456929,36.0786516853933,50,1803.93258426966,
21,sCOD,P1R1A,4.87,5.225,0.024052434456929,34.1544569288389,50,1707.72284644195,1635.56554307116
21,sCOD,P1R1B,4.9,5.225,0.024052434456929,31.2681647940074,50,1563.40823970037,
21,sCOD,P1R2A,4.65,5.225,0.024052434456929,55.3205992509363,50,2766.02996254681,2357.13857677902
21,sCOD,P1R2B,4.82,5.225,0.024052434456929,38.9649438202247,50,1948.24719101123,
21,sCOD,P1R3A,4.82,5.225,0.024052434456929,38.9649438202247,50,1948.24719101123,2044.45692883895
21,sCOD,P1R3B,4.78,5.225,0.024052434456929,42.8133333333333,50,2140.66666666666,
21,sCOD,P2R1A,4.83,5.225,0.024052434456929,38.0028464419475,50,1900.14232209738,1683.67041198502
21,sCOD,P2R1B,4.92,5.225,0.024052434456929,29.3439700374532,50,1467.19850187266,
21,sCOD,P2R2A,4.7,5.225,0.024052434456929,50.5101123595505,50,2525.50561797753,2188.77153558052
21,sCOD,P2R2B,4.84,5.225,0.024052434456929,37.0407490636704,50,1852.03745318352,
21,sCOD,P2R3A,4.85,5.225,0.024052434456929,36.0786516853933,50,1803.93258426966,1948.24719101124
21,sCOD,P2R3B,4.79,5.225,0.024052434456929,41.8512359550561,50,2092.56179775281,
21,sCOD,P3R1A,4.73,5.225,0.024052434456929,47.623820224719,50,2381.19101123595,2597.66292134831
21,sCOD,P3R1B,4.64,5.225,0.024052434456929,56.2826966292135,50,2814.13483146067,
21,sCOD,P3R2A,4.64,5.225,0.024052434456929,56.2826966292135,50,2814.13483146067,2621.71535580524
21,sCOD,P3R2B,4.72,5.225,0.024052434456929,48.5859176029962,50,2429.29588014981,
21,sCOD,P3R3A,4.77,5.225,0.024052434456929,43.7754307116105,50,2188.77153558052,1972.29962546816
21,sCOD,P3R3B,4.86,5.225,0.024052434456929,35.116554307116,50,1755.8277153558,
21,sCOD,P4R1A,4.8,5.225,0.024052434456929,40.889138576779,50,2044.45692883895,2092.56179775281
21,sCOD,P4R1B,4.78,5.225,0.024052434456929,42.8133333333333,50,2140.66666666666,
21,sCOD,P4R2A,4.84,5.225,0.024052434456929,37.0407490636704,50,1852.03745318352,2068.50936329588
21,sCOD,P4R2B,4.75,5.225,0.024052434456929,45.6996254681648,50,2284.98127340824,
21,sCOD,P4R3A,4.83,5.225,0.024052434456929,38.0028464419475,50,1900.14232209738,2188.77153558052
21,sCOD,P4R3B,4.71,5.225,0.024052434456929,49.5480149812734,50,2477.40074906367,
21,tCOD,R1A,3.36,5.2,0.024441484300666,179.889324452902,200,35977.8648905804,39497.4386298763
21,tCOD,R1B,3,5.2,0.024441484300666,215.085061845861,200,43017.0123691722,
21,tCOD,R1C,2.46,5.2,0.024441484300666,267.8786679353,200,53575.73358706,
21,tCOD,R2A,3.24,5.2,0.024441484300666,191.621236917222,200,38324.2473834443,40279.5661274976
21,tCOD,R2B,3.02,5.2,0.024441484300666,213.129743101808,200,42625.9486203616,
21,tCOD,R2C,3.16,5.2,0.024441484300666,199.442511893435,200,39888.502378687,
21,tCOD,R3A,3.14,5.2,0.024441484300666,201.397830637488,200,40279.5661274976,42300.0621630194
21,tCOD,R3B,2.93,5.2,0.024441484300666,221.928677450048,200,44385.7354900095,
21,tCOD,R3C,3.04,5.2,0.024441484300666,211.174424357755,200,42234.8848715509,
21,tCOD,P0R1A,3.35,5.2,0.024441484300666,180.866983824929,200,36173.3967649857,34315.8439581351
21,tCOD,P0R1B,3.54,5.2,0.024441484300666,162.291455756423,200,32458.2911512845,
21,tCOD,P0R2A,3.47,5.2,0.024441484300666,169.135071360609,200,33827.0142721218,31969.4614652712
21,tCOD,P0R2B,3.66,5.2,0.024441484300666,150.559543292103,200,30111.9086584206,
21,tCOD,P0R3A,3.88,5.2,0.024441484300666,129.051037107517,200,25810.2074215033,25516.9096098953
21,tCOD,P0R3B,3.91,5.2,0.024441484300666,126.118058991437,200,25223.6117982873,
21,tCOD,P1R1A,3.71,5.2,0.024441484300666,145.67124643197,200,29134.2492863939,26787.86679353
21,tCOD,P1R1B,3.95,5.2,0.024441484300666,122.20742150333,200,24441.484300666,
21,tCOD,P1R2A,3.94,5.2,0.024441484300666,123.185080875357,200,24637.0161750714,27276.6964795433
21,tCOD,P1R2B,3.67,5.2,0.024441484300666,149.581883920076,200,29916.3767840152,
21,tCOD,P1R3A,3.88,5.2,0.024441484300666,129.051037107517,200,25810.2074215033,28547.6536631779
21,tCOD,P1R3B,3.6,5.2,0.024441484300666,156.425499524263,200,31285.0999048525,
21,tCOD,P2R1A,3.51,5.2,0.024441484300666,165.224433872502,200,33044.8867745005,32947.1208372978
21,tCOD,P2R1B,3.52,5.2,0.024441484300666,164.246774500476,200,32849.3549000952,
21,tCOD,P2R2A,3.47,5.2,0.024441484300666,169.135071360609,200,33827.0142721218,31676.1636536632
21,tCOD,P2R2B,3.69,5.2,0.024441484300666,147.626565176023,200,29525.3130352046,
21,tCOD,P2R3A,3.87,5.2,0.024441484300666,130.028696479543,200,26005.7392959087,27472.2283539486
21,tCOD,P2R3B,3.72,5.2,0.024441484300666,144.693587059943,200,28938.7174119886,
21,tCOD,P3R1A,3.74,5.2,0.024441484300666,142.73826831589,200,28547.6536631779,26787.86679353
21,tCOD,P3R1B,3.92,5.2,0.024441484300666,125.14039961941,200,25028.079923882,
21,tCOD,P3R2A,3.82,5.2,0.024441484300666,134.916993339676,200,26983.3986679353,26983.3986679353
21,tCOD,P3R2B,3.82,5.2,0.024441484300666,134.916993339676,200,26983.3986679353,
21,tCOD,P3R3A,3.81,5.2,0.024441484300666,135.894652711703,200,27178.9305423406,27863.2921027593
21,tCOD,P3R3B,3.74,5.2,0.024441484300666,142.73826831589,200,28547.6536631779,
21,tCOD,P4R1A,3.82,5.2,0.024441484300666,134.916993339676,200,26983.3986679353,29623.0789724072
21,tCOD,P4R1B,3.55,5.2,0.024441484300666,161.313796384396,200,32262.7592768792,
21,tCOD,P4R2A,3.8,5.2,0.024441484300666,136.87231208373,200,27374.462416746,29329.7811607992
21,tCOD,P4R2B,3.6,5.2,0.024441484300666,156.425499524263,200,31285.0999048525,
21,tCOD,P4R3A,3.87,5.2,0.024441484300666,130.028696479543,200,26005.7392959087,25321.37773549
21,tCOD,P4R3B,3.94,5.2,0.024441484300666,123.185080875357,200,24637.0161750714,
28,sCOD,R1A,4.58,5.275,0.024676272814601,68.6000384245918,50,3430.00192122959,3207.91546589818
28,sCOD,R1B,4.67,5.275,0.024676272814601,59.7165802113353,50,2985.82901056676,
28,sCOD,R2A,4.54,5.275,0.024676272814601,72.548242074928,50,3627.4121037464,3306.62055715658
28,sCOD,R2B,4.67,5.275,0.024676272814601,59.7165802113353,50,2985.82901056676,
28,sCOD,R3A,4.57,5.275,0.024676272814601,69.5870893371758,50,3479.35446685879,3183.23919308357
28,sCOD,R3B,4.69,5.275,0.024676272814601,57.7424783861671,50,2887.12391930836,
28,sCOD,P0R1A,4.43,5.275,0.024676272814601,83.4058021133526,50,4170.29010566763,3874.17483189241
28,sCOD,P0R1B,4.55,5.275,0.024676272814601,71.561191162344,50,3578.0595581172,
28,sCOD,P0R2A,4.83,5.275,0.024676272814601,43.9237656099904,50,2196.18828049952,2319.56964457253
28,sCOD,P0R2B,4.78,5.275,0.024676272814601,48.8590201729107,50,2442.95100864553,
28,sCOD,P0R3A,4.44,5.275,0.024676272814601,82.4187512007685,50,4120.93756003842,2887.12391930836
28,sCOD,P0R3B,4.94,5.275,0.024676272814601,33.0662055715658,50,1653.31027857829,
28,sCOD,P1R1A,4.42,5.275,0.024676272814601,84.3928530259366,50,4219.64265129683,4540.43419788665
28,sCOD,P1R1B,4.29,5.275,0.024676272814601,97.2245148895293,50,4861.22574447647,
28,sCOD,P1R2A,4.78,5.275,0.024676272814601,48.8590201729107,50,2442.95100864553,2961.15273775216
28,sCOD,P1R2B,4.57,5.275,0.024676272814601,69.5870893371758,50,3479.35446685879,
28,sCOD,P1R3A,4.78,5.275,0.024676272814601,48.8590201729107,50,2442.95100864553,2393.59846301633
28,sCOD,P1R3B,4.8,5.275,0.024676272814601,46.8849183477426,50,2344.24591738713,
28,sCOD,P2R1A,4.72,5.275,0.024676272814601,54.781325648415,50,2739.06628242075,3775.46974063401
28,sCOD,P2R1B,4.3,5.275,0.024676272814601,96.2374639769453,50,4811.87319884726,
28,sCOD,P2R2A,4.74,5.275,0.024676272814601,52.8072238232469,50,2640.36119116234,2516.97982708934
28,sCOD,P2R2B,4.79,5.275,0.024676272814601,47.8719692603266,50,2393.59846301633,
28,sCOD,P2R3A,4.62,5.275,0.024676272814601,64.6518347742555,50,3232.59173871278,3380.64937560038
28,sCOD,P2R3B,4.56,5.275,0.024676272814601,70.5741402497598,50,3528.70701248799,
28,sCOD,P3R1A,4.84,5.275,0.024676272814601,42.9367146974064,50,2146.83573487032,2319.56964457253
28,sCOD,P3R1B,4.77,5.275,0.024676272814601,49.8460710854948,50,2492.30355427474,
28,sCOD,P3R2A,4.93,5.275,0.024676272814601,34.0532564841499,50,1702.6628242075,1900.07300672431
28,sCOD,P3R2B,4.85,5.275,0.024676272814601,41.9496637848224,50,2097.48318924112,
28,sCOD,P3R3A,4.65,5.275,0.024676272814601,61.6906820365034,50,3084.53410182517,2985.82901056676
28,sCOD,P3R3B,4.69,5.275,0.024676272814601,57.7424783861671,50,2887.12391930836,
28,sCOD,P4R1A,4.57,5.275,0.024676272814601,69.5870893371758,50,3479.35446685879,3800.14601344861
28,sCOD,P4R1B,4.44,5.275,0.024676272814601,82.4187512007685,50,4120.93756003842,
28,sCOD,P4R2A,4.76,5.275,0.024676272814601,50.8331219980788,50,2541.65609990394,2270.21709894333
28,sCOD,P4R2B,4.87,5.275,0.024676272814601,39.9755619596542,50,1998.77809798271,
28,sCOD,P4R3A,4.24,5.275,0.024676272814601,102.15976945245,50,5107.98847262248,3997.55619596542
28,sCOD,P4R3B,4.69,5.275,0.024676272814601,57.7424783861671,50,2887.12391930836,
28,tCOD,R1A,3.93,5.175,0.024395061728395,121.487407407407,200,24297.4814814815,29371.6543209876
28,tCOD,R1B,3.78,5.175,0.024395061728395,136.124444444444,200,27224.8888888889,
28,tCOD,R1C,3.3,5.175,0.024395061728395,182.962962962963,200,36592.5925925926,
28,tCOD,R2A,3.88,5.175,0.024395061728395,126.366419753086,200,25273.2839506173,26899.621399177
28,tCOD,R2B,3.81,5.175,0.024395061728395,133.197037037037,200,26639.4074074074,
28,tCOD,R2C,3.7,5.175,0.024395061728395,143.930864197531,200,28786.1728395062,
28,tCOD,R3A,3.85,5.175,0.024395061728395,129.293827160494,200,25858.7654320988,29501.7613168724
28,tCOD,R3B,3.35,5.175,0.024395061728395,178.083950617284,200,35616.7901234568,
28,tCOD,R3C,3.79,5.175,0.024395061728395,135.148641975309,200,27029.7283950617,
28,tCOD,P0R1A,3.42,5.175,0.024395061728395,171.253333333333,200,34250.6666666667,35811.9506172839
28,tCOD,P0R1B,3.26,5.175,0.024395061728395,186.866172839506,200,37373.2345679012,
28,tCOD,P0R1B,3.84,5.175,0.024395061728395,130.26962962963,200,26053.9259259259,
28,tCOD,P0R2A,3.83,5.175,0.024395061728395,131.245432098765,200,26249.0864197531,36137.2181069959
28,tCOD,P0R2B,3.28,5.175,0.024395061728395,184.914567901235,200,36982.9135802469,
28,tCOD,P0R2B,2.86,5.175,0.024395061728395,225.898271604938,200,45179.6543209877,
28,tCOD,P0R3A,4.42,5.175,0.024395061728395,73.6730864197531,200,14734.6172839506,26574.353909465
28,tCOD,P0R3B,3.58,5.175,0.024395061728395,155.64049382716,200,31128.0987654321,
28,tCOD,P0R3B,3.44,5.175,0.024395061728395,169.301728395062,200,33860.3456790123,
28,tCOD,P1R1A,3.34,5.175,0.024395061728395,179.05975308642,200,35811.950617284,36852.8065843621
28,tCOD,P1R1B,3.43,5.175,0.024395061728395,170.277530864198,200,34055.5061728395,
28,tCOD,P1R1C,3.09,5.175,0.024395061728395,203.454814814815,200,40690.962962963,
28,tCOD,P1R2A,3.34,5.175,0.024395061728395,179.05975308642,200,35811.950617284,35746.8971193416
28,tCOD,P1R2B,3.45,5.175,0.024395061728395,168.325925925926,200,33665.1851851852,
28,tCOD,P1R2C,3.24,5.175,0.024395061728395,188.817777777778,200,37763.5555555556,
28,tCOD,P1R3A,3.88,5.175,0.024395061728395,126.366419753086,200,25273.2839506173,27094.7818930041
28,tCOD,P1R3B,3.49,5.175,0.024395061728395,164.422716049383,200,32884.5432098765,
28,tCOD,P1R3C,3.99,5.175,0.024395061728395,115.632592592593,200,23126.5185185185,
28,tCOD,P2R1A,3.12,5.175,0.024395061728395,200.527407407407,200,40105.4814814815,35681.8436213992
28,tCOD,P2R1B,3.86,5.175,0.024395061728395,128.318024691358,200,25663.6049382716,
28,tCOD,P2R1C,3.06,5.175,0.024395061728395,206.382222222222,200,41276.4444444445,
28,tCOD,P2R2A,3.36,5.175,0.024395061728395,177.108148148148,200,35421.6296296296,38349.037037037
28,tCOD,P2R2B,3.03,5.175,0.024395061728395,209.30962962963,200,41861.9259259259,
28,tCOD,P2R2C,3.24,5.175,0.024395061728395,188.817777777778,200,37763.5555555556,
28,tCOD,P2R3A,3.23,5.175,0.024395061728395,189.793580246914,200,37958.7160493827,32494.2222222222
28,tCOD,P2R3B,3.64,5.175,0.024395061728395,149.785679012346,200,29957.1358024691,
28,tCOD,P2R3C,3.66,5.175,0.024395061728395,147.834074074074,200,29566.8148148148,
28,tCOD,P3R1A,3.85,5.175,0.024395061728395,129.293827160494,200,25858.7654320988,28070.5843621399
28,tCOD,P3R1B,3.54,5.175,0.024395061728395,159.543703703704,200,31908.7407407407,
28,tCOD,P3R1C,3.82,5.175,0.024395061728395,132.221234567901,200,26444.2469135802,
28,tCOD,P3R2A,3.85,5.175,0.024395061728395,129.293827160494,200,25858.7654320988,25793.7119341564
28,tCOD,P3R2B,3.81,5.175,0.024395061728395,133.197037037037,200,26639.4074074074,
28,tCOD,P3R2C,3.9,5.175,0.024395061728395,124.414814814815,200,24882.962962963,
28,tCOD,P3R3A,3.51,5.175,0.024395061728395,162.471111111111,200,32494.2222222222,35356.5761316872
28,tCOD,P3R3B,3.14,5.175,0.024395061728395,198.575802469136,200,39715.1604938272,
28,tCOD,P3R3C,3.44,5.175,0.024395061728395,169.301728395062,200,33860.3456790123,
28,tCOD,P4R1A,3.68,5.175,0.024395061728395,145.882469135802,200,29176.4938271605,29241.5473251029
28,tCOD,P4R1B,3.76,5.175,0.024395061728395,138.076049382716,200,27615.2098765432,
28,tCOD,P4R1C,3.59,5.175,0.024395061728395,154.664691358025,200,30932.9382716049,
28,tCOD,P4R2A,3.47,5.175,0.024395061728395,166.374320987654,200,33274.8641975309,30997.9917695473
28,tCOD,P4R2B,3.59,5.175,0.024395061728395,154.664691358025,200,30932.9382716049,
28,tCOD,P4R2C,3.7,5.175,0.024395061728395,143.930864197531,200,28786.1728395062,
28,tCOD,P4R3A,3.3,5.175,0.024395061728395,182.962962962963,200,36592.5925925926,33925.3991769547
28,tCOD,P4R3B,3.4,5.175,0.024395061728395,173.204938271605,200,34640.987654321,
28,tCOD,P4R3C,3.61,5.175,0.024395061728395,152.713086419753,200,30542.6172839506,
